,queue_images,dng_to_jpg_convert,normalize_histogram,resize_images,preprocessing,get_vectors,cluster_vectors,main_run
0,0.04579615592956543,0.00045108795166015625,1.6613306999206543,1.291126012802124,2.9637956619262695,62.568156003952026,41.18585133552551,103.76316785812378
