,queue_images,dng_to_jpg_convert,normalize_histogram,resize_images,preprocessing
0,0.052960872650146484,0.00038170814514160156,1.8430356979370117,1.3325400352478027,3.188307523727417
