,queue_images,dng_to_jpg_convert,normalize_histogram,resize_images,preprocessing
0,0.043703556060791016,0.00036597251892089844,1.6378517150878906,1.0668468475341797,2.716031789779663
