,queue_images,dng_to_jpg_convert,normalize_histogram,resize_images,preprocessing,get_vectors,cluster_vectors,main_run
0,0.04440784454345703,0.0003294944763183594,1.8585565090179443,1.6952197551727295,3.5649919509887695,61.854318380355835,41.03314733505249,102.89682626724243
