,queue_images,dng_to_jpg_convert,normalize_histogram,resize_images,preprocessing,get_vectors,cluster_vectors,main_run
0,3.7432615756988525,0.0003800392150878906,1.6245806217193604,1.1743874549865723,2.8919644355773926,63.47975993156433,41.06174302101135,104.55082774162292
