,queue_images,dng_to_jpg_convert,normalize_histogram,resize_images,preprocessing
0,0.05833005905151367,0.0004210472106933594,1.7546823024749756,0.9768819808959961,2.7481653690338135
