,queue_images,dng_to_jpg_convert,normalize_histogram,resize_images,preprocessing
0,0.07111477851867676,0.0003962516784667969,1.8816075325012207,1.313582420349121,3.1966323852539062
