,queue_images,dng_to_jpg_convert,normalize_histogram,resize_images,preprocessing
0,0.04956936836242676,0.0003876686096191406,1.8326146602630615,1.021862268447876,2.865748167037964
